{"dataToPlot": {"delay=10ms": {"blockSize=1M": [0.14100000000000001, 4.13], "blockSize=10M": [0.8755, 2.725]}, "delay=100ms": {"blockSize=1M": [0.241, 0.5015000000000001], "blockSize=10M": [0.429, 1.5245]}}, "config": {"trial": 2, "delay_all": ["10ms", "100ms"], "block_all": ["1M", "10M"], "bw_all": [10, 50], "cpu": -1, "queueSize": -1}}