{"dataToPlot": {"delay=10ms": {"blockSize=1M": [0.11700000000000002, 0.23400000000000004, 0.585, 1.13, 2.168, 4.548, 6.558, 8.010000000000002, 8.086000000000002], "blockSize=10M": [0.11700000000000002, 0.23400000000000004, 0.584, 1.14, 2.268, 5.5520000000000005, 10.56, 32.89999999999999, 43.760000000000005], "blockSize=100M": [0.11700000000000002, 0.233, 0.584, 1.14, 2.28, 5.68, 11.180000000000001, 50.480000000000004, 85.97999999999999]}, "delay=50ms": {"blockSize=1M": [0.11700000000000002, 0.231, 0.543, 0.9336, 1.33, 1.6, 1.6299999999999997, 1.65, 1.652], "blockSize=10M": [0.11700000000000002, 0.233, 0.579, 1.11, 2.13, 4.537999999999999, 6.95, 10.148, 10.288], "blockSize=100M": [0.11700000000000002, 0.233, 0.583, 1.14, 2.26, 5.55, 10.540000000000001, 36.779999999999994, 46.86]}, "delay=100ms": {"blockSize=1M": [0.11600000000000002, 0.22200000000000003, 0.46699999999999997, 0.6808000000000001, 0.813, 0.8356, 0.8436, 0.849, 0.8242], "blockSize=10M": [0.11700000000000002, 0.23200000000000004, 0.569, 1.06, 1.92, 3.508, 4.584, 5.368, 5.144], "blockSize=100M": [0.11700000000000002, 0.233, 0.582, 1.13, 2.24, 5.36, 9.796000000000001, 24.140000000000004, 24.24]}, "delay=500ms": {"blockSize=1M": [0.0935, 0.136, 0.164, 0.167, 0.169, 0.17, 0.17, 0.17040000000000002, 0.1708], "blockSize=10M": [0.11400000000000002, 0.21800000000000003, 0.465, 0.7188, 0.944, 1.0111999999999999, 1.08, 1.1, 1.0732000000000002], "blockSize=100M": [0.11600000000000002, 0.23200000000000004, 0.569, 1.07, 1.9899999999999998, 2.5020000000000002, 4.864, 4.9159999999999995, 4.843999999999999]}}, "config": {"trial": 5, "delay_all": ["10ms", "50ms", "100ms", "500ms"], "block_all": ["1M", "10M", "100M"], "bw_all": [1, 2, 5, 10, 20, 50, 100, 500, 1000]}}